REFTRIA　モンスターデータ,,,,,,,,,,,,,,,,,,,,,,,,,,,,,,,,,,,,,,,,,,,,,,,,,,,,
,,,,,,,,CHAPTER 1,,,,,,,,,,,,,,,,,,,,,CHAPTER 2,,,,,,,,,,,,,,,,,,,,,,,
名称,属性,HP,属性攻撃,,魔法攻撃,ドロップ,メモ,リーフィア,,ハーブレン,,,マリス港,,,,,ガルド坑都,,,,,,グレイウォール,,,,,灰の宿場,,,,カルデラ砦,,,,,エルデの樹海,,,,,ルナリス,,,沈黙の都,,,,,ランジョンボス,
,,,有利,不利,,,,ミント林,共鳴の回廊,薬香の森,東ハーブレン草原,精霊の森,潮風草地,海霧の林,マリス浅瀬,珊瑚の祠,凍てつく氷穴,枯れ木帯,赤錆坑道,クリスタルケイヴ,魔鉱の洞窟,灼熱鉱山,星光の晶洞,獣牙の森,ロスト・グロティア,崩落深坑,影の聖域,深淵の塔,マグニス街道,霧深い森,黒石帯,灰霧の納骨堂,赤鉄鉱脈,溶岩帯,灰燼の高地,溶岩の心臓,旧王国の熔炉,樹海の小径,アテケロ沼,精霊の泉,タタン地下迷宮,巨樹の根洞,オニキス高原,月光遺跡,ルナリス地下水路,北ルナリス街道,崩壊した宮殿外縁,封印の王宮,落盤地帯,封域の塔,,星光の晶窟
ウサギ,,12,氷,音,✕,兎の毛皮・兎の耳・菜種・雑草,,◯,,◯,,,◯,,,,,,,,,,,,,,,,,,,,,,,,,,,,,,,,,,,,,,,
キラービー,木,15,火・氷・闇,水・土・風,✕,蜂の針・はちみつ・蜜蝋・薬草,,◯,,,◯,,◯,◯,,,,,,,,,,,,,,,,,,,,,,,,,,,,,,,,,,,,,,
野良犬,,20,水・氷,風,✕,野犬の毛・野犬の牙・尖った牙・小さなお肉,,◯,,,◯,,◯,◯,,,,,,,,,,◯,,,,,,,,,,,,,,,,,,,,,,,,,,,,
毒ヘビ,,14,光・音,闇,✕,蛇皮・毒嚢・毒液,,◯,,◯,◯,,,◯,,,,,,,,,,,,,,,,,,,,,,,,,,,,,,,,,,,,,,
毒グモ,,16,風・光・音,闇,✕,蜘蛛の目・蜘蛛の牙・クモの糸・毒嚢・毒液・雑草,,◯,,◯,,,,,,,,,,,,,,◯,,,,,,,,,,,,,,,,,,,,,,,,,,,,
アルラウネ,,50,氷,,,アルラウネの根・アルラウネの花弁・香草,出現低確率,◯,,,,,,,,,,,,,,,,,,,,,,,,,,,,,,,,,,,,,,,,,,,,
オーク,木,40,火・氷・闇,水・土・風,✕,オークの皮・オークの牙,,◯,,,,,,,,,,,,,,,,,,,,,,,,,,,,,,,,,,,,,,,,,,,,
音晶精霊,,170,水,氷,,魔力の欠片・水晶,,,◯,,,,,,,,,,,,,,,,,,,,,,,,,,,,,,,,,,,,,,,,,,,
沈黙のゴーレム,,650,水,氷,✕,ゴーレムの破片・ゴーレムの核,,,◯,,,,,,,,,,,,,,,,,,,,,,,,,,,,,,,,,,,,,,,,,,,
吸収スライム,,950,,氷,,反響石,,,◯,,,,,,,,,,,,,,,,,,,,,,,,,,,,,,,,,,,,,,,,,,,
エコーバット,,165,水,氷,,反響石,,,◯,,,,,,,,,,,,,,,,,,,,,,,,,,,,,,,,,,,,,,,,,,,
ミルキーモス,,175,,音・水,,共鳴の欠片・音の結晶,,,◯,,,,,,,,,,,,,,,,,,,,,,,,,,,,,,,,,,,,,,,,,,,
調和の精霊,,190,水,氷,,魔力の欠片・反響石,,,◯,,,,,,,,,,,,,,,,,,,,,,,,,,,,,,,,,,,,,,,,,,,
サンダーインプ,,175,水,氷,,ゴブリンのナイフ・リン,,,◯,,,,,,,,,,,,,,,,,,,,,,,,,,,,,,,,,,,,,,,,,,,
星の篝火,,160,,音・水,,,,,◯,,,,,,,,,,,,,,,,,,,,,,,,,,,,,,,,,,,,,,,,,,,
不和霊士,,220,水,,✕,,,,◯,,,,,,,,,,,,,,,,,,,,,,,,,,,,,,,,,,,,,,,,,,,
天球竜,,240,,音・水,△,,,,◯,,,,,,,,,,,,,,,,,,,,,,,,,,,,,,,,,,,,,,,,,,,
サイレンスロード,,1770,水,,◯,,回廊BOSS,,◯,,,,,,,,,,,,,,,,,,,,,,,,,,,,,,,,,,,,,,,,,,,
毒ガエル,,18,光・氷,,✕,ガエルの油・ガエルの舌・スライムコア・毒消し草,,,,◯,◯,,,,,,,,,,,,,,,,,,,,,,,,,,,,,,,,,,,,,,,,,
棘ツタ,,25,氷,光,,棘の種・棘の繊維・つる・薬草・雑草,,,,◯,◯,,,,,,,,,,,,,,,,,,,,,,,,,,,,,,,,,,,,,,,,,
蔓蛇,,170,氷,,,枝・つる・棘の繊維・蛇皮,,,,,,◯,,,,,,,,,,,,,,,,,,,,,,,,,,,,,,,,,,,,,,,,
菌獣,,180,氷,,,なめこ・コケ・テングタケ・スライムゼリー,,,,,,◯,,,,,,,,,,,,,,,,,,,,,,,,,,,,,,,,,,,,,,,,
棘の精霊,,185,氷,,,枝・枯れ葉・棘の繊維・棘の種・つる,,,,,,◯,,,,,,,,,,,,,,,,,,,,,,,,,,,,,,,,,,,,,,,,
古代トレント,,210,氷,,,世界樹の樹皮・トレントの樹皮・トレントの樹液・樹脂,,,,,,◯,,,,,,,,,,,,,,,,,,,,,,,,,,,,,,,,,,,,,,,,
森の精霊,,175,氷,,,薬草・ヨモギ・香草,,,,,,◯,,,,,,,,,,,,,,,,,,,,,,,,,,,,,,,,,,,,,,,,
カラフアゲハ,,155,氷,,,薬草・鉱蛾の鱗粉・花の蜜,,,,,,◯,,,,,,,,,,,,,,,,,,,,,,,,,,,,,,,,,,,,,,,,
モスゴーレム,,200,氷,,,粘土・石・ゴーレムの破片・硬木・コケ,,,,,,◯,,,,,,,,,,,,,,,,,,,,,,,,,,,,,,,,,,,,,,,,
風の妖精,,160,,,,精霊の雫・風の結晶・海鳥の羽・枝・雑草,,,,,,◯,,,,,,,,,,,,,,,,,,,,,,,,,,,,,,,,,,,,,,,,
エルダドリアード,,205,氷,,,世界樹の樹皮・香草・陽光石・精霊の花弁・アルラウネの根,,,,,,◯,,,,,,,,,,,,,,,,,,,,,,,,,,,,,,,,,,,,,,,,
霊狐,,190,,,,香草・精霊の花弁・毛皮・精霊の雫・風の結晶・狼の尾,,,,,,◯,,,,,,,,,,,,,,,,,,,,,,,,,,,,,,,,,,,,,,,,
精霊王,木,620,火・氷・闇,水・土・風,,世界樹の樹皮・精霊の花弁・光の結晶・陽光石・風の結晶・精霊の雫,森BOSS,,,,,◯,,,,,,,,,,,,,,,,,,,,,,,,,,,,,,,,,,,,,,,,
ウミネコ,,12,木,,,海鳥の羽・海鳥の産毛・小魚・小エビ・貝,,,,,,,◯,◯,◯,,,,,,,,,,,,,,,,,,,,,,,,,,,,,,,,,,,,,
砂ガニ,,20,氷・木,風,,カニ・カニの鋏・カニの甲羅・砂・小魚・貝,,,,,,,◯,◯,◯,,,,,,,,,,,,,,,,,,,,,,,,,,,,,,,,,,,,,
トレント,,55,氷,風・光,,トレントの樹液・トレントの樹皮・樹脂・硬木・枝・コケ,,,,,,,,◯,◯,,,,,,,,,,,,,,,,,,,,,,,,,,,,,,,,,,,,,
スライム,水,18,光・氷・木,火・土・音,,スライムゼリー・コケ・毒液,,,,,,,,,◯,,,,◯,,,,,,,,,,,,,,,,,,,,,,,,,,,,,,,,,
海妖,,75,光・氷,,◯,水の玉・魔力の欠片,,,,,,,,,,◯,,,,,,,,,,,,,,,,,,,,,,,,,,,,,,,,,,,,
セイレーン,,50,光・氷,,◯,魔力の欠片,,,,,,,,,,◯,,,,,,,,,,,,,,,,,,,,,,,,,,,,,,,,,,,,
貝の幽霊,,65,氷・木,,◯,潮石・海精の鱗,,,,,,,,,,◯,,,,,,,,,,,,,,,,,,,,,,,,,,,,,,,,,,,,
潮の精,水,70,光・氷・木,火・土・音,◯,潮石・水の玉・風の結晶,,,,,,,,,,◯,,,,,,,,,,,,,,,,,,,,,,,,,,,,,,,,,,,,
シーシェード,水,60,光・氷・木,火・土・音,◯,魔力の欠片・海精の鱗,,,,,,,,,,◯,,,,,,,,,,,,,,,,,,,,,,,,,,,,,,,,,,,,
深海の海妖,,100,氷・木,,◯,海精の鱗・水の玉,,,,,,,,,,◯,,,,,,,,,,,,,,,,,,,,,,,,,,,,,,,,,,,,
珊瑚の精霊,,55,氷,,◯,潮石・風の結晶,,,,,,,,,,◯,,,,,,,,,,,,,,,,,,,,,,,,,,,,,,,,,,,,
珊瑚の守護者,,120,氷・木,,◯,水の玉・海精の鱗・風の結晶,,,,,,,,,,◯,,,,,,,,,,,,,,,,,,,,,,,,,,,,,,,,,,,,
アイスバット,,155,,木,✕,リン,,,,,,,,,,,◯,,,,,,,,,,,,,,,,,,,,,,,,,,,,,,,,,,,
氷スライム,,170,,木,✕,石・氷の結晶・凍った涙・永久凍土,,,,,,,,,,,◯,,,,,,,,,,,,,,,,,,,,,,,,,,,,,,,,,,,
ゾンビフロズ,,190,,木,✕,腐肉,,,,,,,,,,,◯,,,,,,,,,,,,,,,,,,,,,,,,,,,,,,,,,,,
フロストベア,,205,,木,✕,とがった牙,,,,,,,,,,,◯,,,,,,,,,,,,,,,,,,,,,,,,,,,,,,,,,,,
氷柱蟲,,185,,木,,,,,,,,,,,,,◯,,,,,,,,,,,,,,,,,,,,,,,,,,,,,,,,,,,
霜狼,,185,,木,✕,,,,,,,,,,,,◯,,,,,,,,,,,,,,,,,,,,,,,,,,,,,,,,,,,
クリスパイダー,,175,,,✕,,,,,,,,,,,,◯,,,,,,,,,,,,,,,,,,,,,,,,,,,,,,,,,,,
霜の巨人,,230,,,✕,永久凍土・石・氷の結晶,,,,,,,,,,,◯,,,,,,,,,,,,,,,,,,,,,,,,,,,,,,,,,,,
ブリズホーク,,195,,木,✕,凍った涙・永久凍土・氷の結晶・海鳥の羽,,,,,,,,,,,◯,,,,,,,,,,,,,,,,,,,,,,,,,,,,,,,,,,,
雪の精霊,,180,,,◯,,,,,,,,,,,,◯,,,,,,,,,,,,,,,,,,,,,,,,,,,,,,,,,,,
氷穴の女王,,670,,,◯,氷河の結晶・氷の結晶・凍った涙・水晶,氷穴BOSS,,,,,,,,,,◯,,,,,,,,,,,,,,,,,,,,,,,,,,,,,,,,,,,
バット,,10,闇,,,コウモリの牙・コウモリの翼膜・リン鉱石・リン・褐炭,,,,,,,,,,,,◯,◯,◯,,,,,,,,,,,,,,,,,,,,,,,,,,,,,,,,
ブラックバット,,14,星,,,闇コウモリの膜・コウモリの翼膜・リン・褐炭,,,,,,,,,,,,◯,◯,◯,,,,,,,,,,,,,,,,,,,,,,,,,,,,,,,,
ゴブリン,,22,,火・風,,ゴブリンのナイフ・ゴブリンの耳・矢じり・小さなお肉・褐炭・石,,,,,,,,,,,,◯,◯,◯,,,,,,,,,,,,,,,,,,,,,,,,,,,,,,,,
岩蟲,,30,,音・風,,岩蟲の歯・岩蟲の体節・鉄鉱石・褐炭・石,,,,,,,,,,,,◯,◯,◯,,,,,,,,,,,,,,,,,,,,,,,,,,,,,,,,
ゾンビ,,35,音・風,闇,,朽ちた骨・朽ちた布切れ・腐肉・リン,,,,,,,,,,,,◯,,,,,,,,,,,,,,,,,,,,,,,,,,,,,,,,,,
オーガ,,60,,風,,オーガの角・オーガの血・鉄鉱石,,,,,,,,,,,,◯,,,,,,,,,,,,,,,,,,,,,,,,,,,,,,,,,,
毒ムカデ,,80,,風,,ムカデの殻・ムカデの脚・毒嚢・リン,,,,,,,,,,,,,◯,,,,,,,,,,,,,,,,,,,,,,,,,,,,,,,,,
ノーム,,65,,,,ノームの宝石・ノームの粉・金塊・鉄鉱石・リン鉱石,出現低確率,,,,,,,,,,,,◯,◯,,,,,,,,,,,,,,,,,,,,,,,,,,,,,,,,
ゴーレム,,100,水,風,,ゴーレムの核・ゴーレムの破片,,,,,,,,,,,,,,◯,,,,,,,,,,,,,,,,,,,,,,,,,,,,,,,,
アイアンゴーレム,,130,水,風,,,,,,,,,,,,,,,,◯,,,,,,,,,,,,,,,,,,,,,,,,,,,,,,,,
魔岩這い,,90,,,,火の結晶・ルーン鉱石,,,,,,,,,,,,,,,◯,,,,,,,,,,,,,,,,,,,,,,,,,,,,,,,
炎の精霊,,70,風,闇,,火の結晶・ルーン鉱石,,,,,,,,,,,,,,,◯,,,,,,,,,,,,,,,,,,,,,,,,,,,,,,,
ルーンバット,,60,風,,,魔力の欠片・ルーン鉱石,,,,,,,,,,,,,,,◯,,,,,,,,,,,,,,,,,,,,,,,,,,,,,,,
アースファントム,,85,,,,魔力の欠片・ルーン鉱石・土の結晶,,,,,,,,,,,,,,,◯,,,,,,,,,,,,,,,,,,,,,,,,,,,,,,,
ルーンスピリット,,75,風,闇,,ルーン鉱石,,,,,,,,,,,,,,,◯,,,,,,,,,,,,,,,,,,,,,,,,,,,,,,,
ルーンスペクター,,140,風,闇,,ルーン鉱石・光の結晶,,,,,,,,,,,,,,,◯,,,,,,,,,,,,,,,,,,,,,,,,,,,,,,,
水晶の幽霊,,80,闇,星,,魔力の欠片・ルーン鉱石,,,,,,,,,,,,,,,◯,,,,,,,,,,,,,,,,,,,,,,,,,,,,,,,
マグマゴーレム,,160,風,闇,,ルーン鉱石・土の結晶,,,,,,,,,,,,,,,◯,,,,,,,,,,,,,,,,,,,,,,,,,,,,,,,
ファイアドレイク,,240,,,,溶岩の核・黒曜石,,,,,,,,,,,,,,,,◯,,,,,,,,,,,,,,,,,,,,,,,,,,,,,,
フレイムリザード,,180,風・水,,,火山岩・蛇皮・石,,,,,,,,,,,,,,,,◯,,,,,,,,,,,,,,,,,,,,,,,,,,,,,,
炎の小鬼,,165,風,闇,,,,,,,,,,,,,,,,,,◯,,,,,,,,,,,,,,,,,,,,,,,,,,,,,,
灰の亡霊A,,175,,闇,,瘴気の粉・リン・朽ちた布切れ・腐肉,,,,,,,,,,,,,,,,◯,,,,,,,,,,,,,,,,,,,,,,,,,,,,,,
黒曜ゴーレム,土,220,,風,,ゴーレムの核・ゴーレムの破片・黒曜石,,,,,,,,,,,,,,,,◯,,,,,,,,,,,,,,,,,,,,,,,,,,,,,,
溶岩蟲（α）,,195,,闇,,溶岩の核・石,同名別個体が黒石帯にいる,,,,,,,,,,,,,,,◯,,,,,,,,,,,,,,,,,,,,,,,,,,,,,,
溶岩ナメクジ,,190,風,闇,,火山岩・スライムゼリー,,,,,,,,,,,,,,,,◯,,,,,,,,,,,,,,,,,,,,,,,,,,,,,,
ボルケナバット,,160,風,,,火山岩・火の結晶・コウモリの牙・コウモリの翼膜・リン,,,,,,,,,,,,,,,,◯,,,,,,,,,,,,,,,,,,,,,,,,,,,,,,
火蜘蛛,,170,水・風,闇,,蜘蛛の牙・蜘蛛の目・毒嚢,,,,,,,,,,,,,,,,◯,,,,,,,,,,,,,,,,,,,,,,,,,,,,,,
サラマンダー,,215,風,,,蛇革・火山岩・黒曜石,,,,,,,,,,,,,,,,◯,,,,,,,,,,,,,,,,,,,,,,,,,,,,,,
火山王,,720,,闇,,,灼熱BOSS,,,,,,,,,,,,,,,◯,,,,,,,,,,,,,,,,,,,,,,,,,,,,,,
ルーニクス,星,3212,,,◯,光の結晶・魔力の欠片・リン鉱石,,,,,,,,,,,,,,,,,◯,,,,,,,,,,,,,,,,,,,,,,,,,,,,,◯
ルーンヴァルト,星,5318,,,◯,アステル晶片・魔法のインク,,,,,,,,,,,,,,,,,◯,,,,,,,,,,,,,,,,,,,,,,,,,,,,,◯
ガルノス,土,3748,,,,銅鉱石・土の結晶・鉄ゴーレムの装甲,,,,,,,,,,,,,,,,,◯,,,,,,,,,,,,,,,,,,,,,,,,,,,,,◯
フランメル ,火,3060,,,◯,火の結晶・アステル晶片・火打石,,,,,,,,,,,,,,,,,◯,,,,,,,,,,,,,,,,,,,,,,,,,,,,,◯
マグナリオス,火,6242,,,,鉄ゴーレムの装甲・溶岩の核,やけど スタン,,,,,,,,,,,,,,,,◯,,,,,,,,,,,,,,,,,,,,,,,,,,,,,◯
ドルメクス,土,4570,,,,ノームの宝石・アステル晶片,,,,,,,,,,,,,,,,,◯,,,,,,,,,,,,,,,,,,,,,,,,,,,,,◯
ステラリム,星,3128,,,◯,光の結晶・星光石・魔法のインク・アステル晶片,,,,,,,,,,,,,,,,,◯,,,,,,,,,,,,,,,,,,,,,,,,,,,,,◯
プリズマルク,光,5780,,,,水晶・光の結晶・ノームの宝石,DEXダウン,,,,,,,,,,,,,,,,◯,,,,,,,,,,,,,,,,,,,,,,,,,,,,,◯
ザルドニクス ,星,4420,,,,竜骨石・星光石・アステル晶片・金塊,,,,,,,,,,,,,,,,,◯,,,,,,,,,,,,,,,,,,,,,,,,,,,,,◯
オルビタリス ,星,6800,,,,オルビス星核・アステル晶片・巨神合金・星光石・月光石,BOSS　MATK↓　MDEF↓　スタン,,,,,,,,,,,,,,,,◯,,,,,,,,,,,,,,,,,,,,,,,,,,,,,◯
クォルツァ,光,3427,,,,水晶,,,,,,,,,,,,,,,,,◯,,,,,,,,,,,,,,,,,,,,,,,,,,,,,◯
ノクティラ,,3400,火,音,◯,,,,,,,,,,,,,,,,,,◯,,,,,,,,,,,,,,,,,,,,,,,,,,,,,◯
大蜘蛛,,60,水,風,,クモの糸・大蜘蛛の糸・大蜘蛛の目・蜘蛛の牙・毒液・つる,,,,,,,,,,,,,,,,,,◯,,,,,,,,,,,,,,,,,,,,,,,,,,,,
ダイアウルフ,,65,水,風・闇,,毛皮・ダイアウルフの牙・ダイアウルフの上毛皮・小さなお肉・とがった牙・狼の爪・雑草,,,,,,,,,,,,,,,,,,◯,,,,,,,,,,,,,,,,,,,,,,,,,,,,
ウルフ,木,30,火・氷・闇,水・土・風,,毛皮・野犬の毛・とがった牙・狼の尾・蛇皮・小さなお肉,,◯,,,,,,,,,,,,,,,,◯,,,,,,,,,,,,,,,,,,,,,,,,,,,,
影獣,,85,,闇,,影獣の爪・影獣の皮・毛皮・魂の欠片・蛇皮,出現低確率,,,,,,,,,,,,,,,,,◯,,,,,,,,,,,,,,,,,,,,,,,,,,,,
ゾンビ,,35,,闇,,矢じり・リン・朽ちた布切れ・腐肉・朽ちた骨,,,,,,,,,,,,,,,,,,,◯,,,,,,,,,,,,,,,,,,,,,,,,,,,
ワイト,闇？,70,風・音,闇,,ワイトのエクトプラズム・魔力の欠片・瘴気の粉・腐肉・魔力の欠片・朽ちた骨・リン,,,,,,,,,,,,,,,,,,,◯,,,,,,,,,,,,,,,,,,,,,,,,,,,
骸骨戦士,,65,水,,,矢じり・とがった牙・鉄鉱石・朽ちた盾・骸骨の骨・朽ちた布切れ,,,,,,,,,,,,,,,,,,,◯,,,,,,,,,,,,,,,,,,,,,,,,,,,
鉱蛾,,35,闇,,,褐炭・鉱蛾の鱗粉・リン鉱石・リン・コウモリの翼膜・火打石,,,,,,,,,,,,,,,,,,,◯,,,,,,,,,,,,,,,,,,,,,,,,,,,
ブラックバット,,14,,闇,,リン・褐炭・闇コウモリの膜・コウモリの牙・コウモリの翼膜,,,,,,,,,,,,,,,,,,,◯,,,,,,,,,,,,,,,,,,,,,,,,,,,
デスナイト,,90,,闇,,鉄鉱石・骸骨の骨・とがった牙・デスナイトの装甲片,出現低確率,,,,,,,,,,,,,,,,,,◯,,,,,,,,,,,,,,,,,,,,,,,,,,,
リッチ,,80,,,,魔力の欠片,出現低確率,,,,,,,,,,,,,,,,,,◯,,,,,,,,,,,,,,,,,,,,,,,,,,,
ヴァインゴーレム,,100,音,闇,,鉄鉱石・水晶,,,,,,,,,,,,,,,,,,,,◯,,,,,,,,,,,,,,,,,,,,,,,,,,
骸骨衛兵,,80,,,,矢じり・鉄鉱石,,,,,,,,,,,,,,,,,,,,◯,,,,,,,,,,,,,,,,,,,,,,,,,,
腐敗魔,,95,音,,,瘴気の粉・腐肉,,,,,,,,,,,,,,,,,,,,◯,,,,,,,,,,,,,,,,,,,,,,,,,,
怨霊,,85,,,,瘴気の粉・腐肉・リン,,,,,,,,,,,,,,,,,,,,◯,,,,,,,,,,,,,,,,,,,,,,,,,,
マインスピネル,,85,音,,,鉄鉱石・水晶,,,,,,,,,,,,,,,,,,,,◯,,,,,,,,,,,,,,,,,,,,,,,,,,
闇死霊,,,,,,瘴気の粉・水晶・腐肉,,,,,,,,,,,,,,,,,,,,◯,,,,,,,,,,,,,,,,,,,,,,,,,,
アビススパイダー,,75,音,,,クモの糸,,,,,,,,,,,,,,,,,,,,◯,,,,,,,,,,,,,,,,,,,,,,,,,,
死の番人,,,,,,矢じり・鉄鉱石,,,,,,,,,,,,,,,,,,,,◯,,,,,,,,,,,,,,,,,,,,,,,,,,
冥府魔術師,,,,,,水晶・瘴気の粉,,,,,,,,,,,,,,,,,,,,◯,,,,,,,,,,,,,,,,,,,,,,,,,,
ヴォイドウルフ,,70,,闇,,毛皮・とがった牙,,,,,,,,,,,,,,,,,,,,◯,,,,,,,,,,,,,,,,,,,,,,,,,,
崩落王,,,,,,,出現低確率,,,,,,,,,,,,,,,,,,,◯,,,,,,,,,,,,,,,,,,,,,,,,,,
影の大司祭,,155,,闇,,音の結晶・氷の結晶・魂の欠片,,,,,,,,,,,,,,,,,,,,,◯,,,,,,,,,,,,,,,,,,,,,,,,,
ダークスペクター,,,,,,音の結晶・魂の欠片・魔力の欠片,,,,,,,,,,,,,,,,,,,,,◯,,,,,,,,,,,,,,,,,,,,,,,,,
影の従者,,,,,,闇の結晶,,,,,,,,,,,,,,,,,,,,,◯,,,,,,,,,,,,,,,,,,,,,,,,,
サイレンサー,,105,,闇,,闇の結晶・魂の欠片,,,,,,,,,,,,,,,,,,,,,◯,,,,,,,,,,,,,,,,,,,,,,,,,
魂喰らい,,88,,闇,,闇の結晶・魂の欠片,,,,,,,,,,,,,,,,,,,,,◯,,,,,,,,,,,,,,,,,,,,,,,,,
ヴァスフルグ,,90,,,,闇の結晶・氷の結晶,,,,,,,,,,,,,,,,,,,,,◯,,,,,,,,,,,,,,,,,,,,,,,,,
カーズファントム,,95,,,,闇の結晶・魂の欠片,,,,,,,,,,,,,,,,,,,,,◯,,,,,,,,,,,,,,,,,,,,,,,,,
影の従者,,,,,,闇の結晶・魔力の欠片,,,,,,,,,,,,,,,,,,,,,◯,,,,,,,,,,,,,,,,,,,,,,,,,
フレイソヴリン,,140,,,,氷の結晶・音の結晶・闇の結晶,,,,,,,,,,,,,,,,,,,,,◯,,,,,,,,,,,,,,,,,,,,,,,,,
墓場ネズミ,,80,風・光,,,骨粉・腐肉・とがった牙,深淵１F,,,,,,,,,,,,,,,,,,,,,◯,,,,,,,,,,,,,,,,,,,,,,,,
ダストバット,,70,闇,,,コウモリの翼膜・リン・褐炭,深淵２F,,,,,,,,,,,,,,,,,,,,,◯,,,,,,,,,,,,,,,,,,,,,,,,
岩ガニ,,110,,風,,,深淵３F,,,,,,,,,,,,,,,,,,,,,◯,,,,,,,,,,,,,,,,,,,,,,,,
シャドウハウンド,闇？,95,風・光,闇,,,深淵４F,,,,,,,,,,,,,,,,,,,,,◯,,,,,,,,,,,,,,,,,,,,,,,,
骸骨の斥候,闇？,90,風・光,闇,,,深淵５F,,,,,,,,,,,,,,,,,,,,,◯,,,,,,,,,,,,,,,,,,,,,,,,
ゾンビブラウ,,130,,風,,,深淵５F,,,,,,,,,,,,,,,,,,,,,◯,,,,,,,,,,,,,,,,,,,,,,,,
マグマデロン,,85,風,光,,,深淵７F,,,,,,,,,,,,,,,,,,,,,◯,,,,,,,,,,,,,,,,,,,,,,,,
ヘックスパイダー,,100,風・光,,,,深淵８F,,,,,,,,,,,,,,,,,,,,,◯,,,,,,,,,,,,,,,,,,,,,,,,
ルーンウォーリアー,闇？,140,風・光,闇,,,深淵９F,,,,,,,,,,,,,,,,,,,,,◯,,,,,,,,,,,,,,,,,,,,,,,,
ハウンドヴォイ,闇？,110,風・光,闇,,,深淵１０F,,,,,,,,,,,,,,,,,,,,,◯,,,,,,,,,,,,,,,,,,,,,,,,
ビッグアイアンゴーレム,,170,,風,,,深淵１１F,,,,,,,,,,,,,,,,,,,,,◯,,,,,,,,,,,,,,,,,,,,,,,,
カースナイト,,140,風・光,,,,深淵１２F,,,,,,,,,,,,,,,,,,,,,◯,,,,,,,,,,,,,,,,,,,,,,,,
ソウルイーター,,130,風・光,闇,,,深淵１３F,,,,,,,,,,,,,,,,,,,,,◯,,,,,,,,,,,,,,,,,,,,,,,,
デスウルフ,,120,風・光,,,,深淵１４F,,,,,,,,,,,,,,,,,,,,,◯,,,,,,,,,,,,,,,,,,,,,,,,
クリスタルゴーレム,,160,,光,,,深淵１５F,,,,,,,,,,,,,,,,,,,,,◯,,,,,,,,,,,,,,,,,,,,,,,,
デッドナイト,,170,風・光,,,,深淵１６F,,,,,,,,,,,,,,,,,,,,,◯,,,,,,,,,,,,,,,,,,,,,,,,
虚空の魔術師,,130,風・光,,,,深淵１７F,,,,,,,,,,,,,,,,,,,,,◯,,,,,,,,,,,,,,,,,,,,,,,,
マントルゴーレム,,220,,風,,,深淵１８F,,,,,,,,,,,,,,,,,,,,,◯,,,,,,,,,,,,,,,,,,,,,,,,
シェイドロード,,160,風・光,,,,深淵１９F,,,,,,,,,,,,,,,,,,,,,◯,,,,,,,,,,,,,,,,,,,,,,,,
ボーンドラゴン,,200,風,光,,,深淵２０F,,,,,,,,,,,,,,,,,,,,,◯,,,,,,,,,,,,,,,,,,,,,,,,
堕落した聖騎士,闇？,210,風・光,闇,,,深淵２１F,,,,,,,,,,,,,,,,,,,,,◯,,,,,,,,,,,,,,,,,,,,,,,,
ルーンタイタン,,250,風・光,,,,深淵２２F,,,,,,,,,,,,,,,,,,,,,◯,,,,,,,,,,,,,,,,,,,,,,,,
混沌の魔女,,170,風・光,,,,深淵２３F,,,,,,,,,,,,,,,,,,,,,◯,,,,,,,,,,,,,,,,,,,,,,,,
疫病の亡霊,,190,風・光,,,,深淵２４F,,,,,,,,,,,,,,,,,,,,,◯,,,,,,,,,,,,,,,,,,,,,,,,
深淵の悪魔,,220,風・光,,,,深淵２５F,,,,,,,,,,,,,,,,,,,,,◯,,,,,,,,,,,,,,,,,,,,,,,,
ダイアウルフ・エイプ,,200,,光,,,深淵２６F,,,,,,,,,,,,,,,,,,,,,◯,,,,,,,,,,,,,,,,,,,,,,,,
マザータラント,,180,,風,,,深淵２７F,,,,,,,,,,,,,,,,,,,,,◯,,,,,,,,,,,,,,,,,,,,,,,,
ビスターノーグ,,220,風・光,,,,深淵２８F,,,,,,,,,,,,,,,,,,,,,◯,,,,,,,,,,,,,,,,,,,,,,,,
エイプゴーレム,,280,,風,,,深淵２９F,,,,,,,,,,,,,,,,,,,,,◯,,,,,,,,,,,,,,,,,,,,,,,,
アビスロード,,1000,風・光,闇,,,深淵BOSS,,,,,,,,,,,,,,,,,,,,,◯,,,,,,,,,,,,,,,,,,,,,,,,
古代骸骨兵,闇,154,火・風・光・音・星,木・闇,,,,,,,,,,,,,,,,,,,,,,,,,◯,,,,,,,,,,,,,,,,,,,,,,,
アッシュラット,,126,水・木,火・風,,,,,,,,,,,,,,,,,,,,,,,,,◯,,,,,,,,,,,,,,,,,,,,,,,
ミアズ・ハウンド,闇,196,火・風・光・音・星,木・闇,,,,,,,,,,,,,,,,,,,,,,,,,◯,,,,,,,,,,,,,,,,,,,,,,,
ルイズ・オーガ,,245,,火・風,,,,,,,,,,,,,,,,,,,,,,,,,◯,,,,,,,,,,,,,,,,,,,,,,,
黄昏蝙蝠,,112,木,火,,,,,,,,,,,,,,,,,,,,,,,,,◯,,,,,,,,,,,,,,,,,,,,,,,
グレイウルフ,,175,水・木,火・風,,,,,,,,,,,,,,,,,,,,,,,,,◯,,,,,,,,,,,,,,,,,,,,,,,
アシュリースパイダー,,140,火,水・風・光,,,,,,,,,,,,,,,,,,,,,,,,,◯,,,,,,,,,,,,,,,,,,,,,,,
遺跡の番人,,294,水・木,,,,,,,,,,,,,,,,,,,,,,,,,,◯,,,,,,,,,,,,,,,,,,,,,,,
フォグ・ウルフ,,203,,,,,,,,,,,,,,,,,,,,,,,,,,,,◯,,,,,,,,,,,,,,,,,,,,,,
霧蛇,,179,,,,,,,,,,,,,,,,,,,,,,,,,,,,◯,,,,,,,,,,,,,,,,,,,,,,
シャドウ・モスビム,,156,火・音,,,,,,,,,,,,,,,,,,,,,,,,,,,◯,,,,,,,,,,,,,,,,,,,,,,
モスゴレン,,273,,火,,,,,,,,,,,,,,,,,,,,,,,,,,◯,,,,,,,,,,,,,,,,,,,,,,
靄の亡霊,,218,火,木,,,,,,,,,,,,,,,,,,,,,,,,,,◯,,,,,,,,,,,,,,,,,,,,,,
朝霧のトレント,,234,火,,,樹脂・霧木・湿った樹皮,,,,,,,,,,,,,,,,,,,,,,,,◯,,,,,,,,,,,,,,,,,,,,,,
エシ・グリズリー,,312,,,,,,,,,,,,,,,,,,,,,,,,,,,,◯,,,,,,,,,,,,,,,,,,,,,,
原始の精霊,,250,,,,,,,,,,,,,,,,,,,,,,,,,,,,◯,,,,,,,,,,,,,,,,,,,,,,
火砕竜,,328,,木,,,やけど攻撃,,,,,,,,,,,,,,,,,,,,,,,,◯,,,,,,,,,,,,,,,,,,,,,
溶岩蟲（β）,,218,,光,,,同名別個体が灼熱鉱山にいる,,,,,,,,,,,,,,,,,,,,,,,,◯,,,,,,,,,,,,,,,,,,,,,
ハゲワシ,,156,,火,,小さなお肉,,,,,,,,,,,,,,,,,,,,,,,,,◯,,,,,,,,,,,,,,,,,,,,,
黒サソリ,,187,木,火,,,,,,,,,,,,,,,,,,,,,,,,,,,◯,,,,,,,,,,,,,,,,,,,,,
溶岩トカゲ,,172,,光・光,,,やけど攻撃,,,,,,,,,,,,,,,,,,,,,,,,◯,,,,,,,,,,,,,,,,,,,,,
黒曜石の哨兵,,250,木,火,,,,,,,,,,,,,,,,,,,,,,,,,,,◯,,,,,,,,,,,,,,,,,,,,,
鉄甲虫,,234,,,,鉄鉱石・銅鉱石,,,,,,,,,,,,,,,,,,,,,,,,,◯,,,,,,,,,,,,,,,,,,,,,
ザルクート,,6406,水,音,土,,,,,,,,,,,,,,,,,,,,,,,,,,,◯,,,,,,,,,,,,,,,,,,,,
モルグレイ,,5187,,音,,,,,,,,,,,,,,,,,,,,,,,,,,,,◯,,,,,,,,,,,,,,,,,,,,
ネクロヴァル,,3978,,,,,,,,,,,,,,,,,,,,,,,,,,,,,,◯,,,,,,,,,,,,,,,,,,,,
フォグリス,,4680,音,,,,,,,,,,,,,,,,,,,,,,,,,,,,,◯,,,,,,,,,,,,,,,,,,,,
ベルナーク,,5616,,,,,,,,,,,,,,,,,,,,,,,,,,,,,,◯,,,,,,,,,,,,,,,,,,,,
ガイストルム,,5460,音,,,,,,,,,,,,,,,,,,,,,,,,,,,,,◯,,,,,,,,,,,,,,,,,,,,
ドゥルガンテ,,9547,,音,,,,,,,,,,,,,,,,,,,,,,,,,,,,◯,,,,,,,,,,,,,,,,,,,,
グラヴェノス,,10400,,,,,BOSS,,,,,,,,,,,,,,,,,,,,,,,,,◯,,,,,,,,,,,,,,,,,,,,
赤鉄鉱の亡霊鉱夫,,294,,,,,,,,,,,,,,,,,,,,,,,,,,,,,,,◯,,,,,,,,,,,,,,,,,,,
坑道コウモリ,,168,,,,,,,,,,,,,,,,,,,,,,,,,,,,,,,◯,,,,,,,,,,,,,,,,,,,
アダマンの守り手,,378,,,,,,,,,,,,,,,,,,,,,,,,,,,,,,,◯,,,,,,,,,,,,,,,,,,,
鉱石甲虫,,235,,,,,,,,,,,,,,,,,,,,,,,,,,,,,,,◯,,,,,,,,,,,,,,,,,,,
岩サソリ,,269,,,,,,,,,,,,,,,,,,,,,,,,,,,,,,,◯,,,,,,,,,,,,,,,,,,,
火口の残兵,,368,,,,,,,,,,,,,,,,,,,,,,,,,,,,,,,,◯,,,,,,,,,,,,,,,,,,
ファイヤドレイク,,350,水・土,光,,,,,,,,,,,,,,,,,,,,,,,,,,,,,,◯,,,,,,,,,,,,,,,,,,
フレイムサーペント,,322,水・土,光,,,,,,,,,,,,,,,,,,,,,,,,,,,,,,◯,,,,,,,,,,,,,,,,,,
溶岩竜,光or火,442,水・土,光,,,やけど攻撃,,,,,,,,,,,,,,,,,,,,,,,,,,,◯,,,,,,,,,,,,,,,,,,
灰燼の幻影,闇,384,光・音,,,闇の結晶・古代の遺灰・ミアズマドロップ・風化した骨,,,,,,,,,,,,,,,,,,,,,,,,,,,,,◯,,,,,,,,,,,,,,,,,
高原のワイバーン,風？,432,光,,,,,,,,,,,,,,,,,,,,,,,,,,,,,,,,◯,,,,,,,,,,,,,,,,,
星屑のゴーレム,星,480,,水・音,,,,,,,,,,,,,,,,,,,,,,,,,,,,,,,◯,,,,,,,,,,,,,,,,,
葛根獣,木？,403,光・音,木,,ミアズマドロップ・闇の根・つる,,,,,,,,,,,,,,,,,,,,,,,,,,,,,◯,,,,,,,,,,,,,,,,,
古代の歩哨,無？,528,,,,呪われた布,,,,,,,,,,,,,,,,,,,,,,,,,,,,,◯,,,,,,,,,,,,,,,,,
炎の精,火？,600,水,,,耐火石,,,,,,,,,,,,,,,,,,,,,,,,,,,,,,◯,,,,,,,,,,,,,,,,
黒曜石の騎士,火？,750,水,,,矢じり・黒鉄鉱,,,,,,,,,,,,,,,,,,,,,,,,,,,,,,◯,,,,,,,,,,,,,,,,
灰の亡霊B,火？,550,水,,,古代の遺灰,,,,,,,,,,,,,,,,,,,,,,,,,,,,,,◯,,,,,,,,,,,,,,,,
灼熱ゴーレム,火？,900,水,,,耐火石,,,,,,,,,,,,,,,,,,,,,,,,,,,,,,◯,,,,,,,,,,,,,,,,
火山ワイバーン,火？,700,,,,,,,,,,,,,,,,,,,,,,,,,,,,,,,,,,◯,,,,,,,,,,,,,,,,
火竜王サラマンダー,火？,1300,水,,,,,,,,,,,,,,,,,,,,,,,,,,,,,,,,,◯,,,,,,,,,,,,,,,,
溶岩蛇,火？,650,,,,,,,,,,,,,,,,,,,,,,,,,,,,,,,,,,◯,,,,,,,,,,,,,,,,
インフェルノロード,,1100,,,,,,,,,,,,,,,,,,,,,,,,,,,,,,,,,,◯,,,,,,,,,,,,,,,,
溶岩の心臓獣,火？,2800,水,,,,溶岩BOSS,,,,,,,,,,,,,,,,,,,,,,,,,,,,,◯,,,,,,,,,,,,,,,,
ヴォルカニム,,8501,水,,,,,,,,,,,,,,,,,,,,,,,,,,,,,,,,,,◯,,,,,,,,,,,,,,,
ドラグニル,,7245,水,,,,,,,,,,,,,,,,,,,,,,,,,,,,,,,,,,◯,,,,,,,,,,,,,,,
,,,,,,,,,,,,,,,,,,,,,,,,,,,,,,,,,,,,,,,,,,,,,,,,,,,,
エルデ・トレント,木？,319,火,,,,,,,,,,,,,,,,,,,,,,,,,,,,,,,,,,,◯,,,,,,,,,,,,,,
エルデ・フェアリー,木？,235,火,,◯,,,,,,,,,,,,,,,,,,,,,,,,,,,,,,,,,◯,,,,,,,,,,,,,,
エルデ・ウルフ,,336,,,,,,,,,,,,,,,,,,,,,,,,,,,,,,,,,,,,◯,,,,,,,,,,,,,,
樹海のドリアード,,294,,水,◯,,,,,,,,,,,,,,,,,,,,,,,,,,,,,,,,,◯,,,,,,,,,,,,,,
樹海の蔓蛇,木？,252,火,,,,,,,,,,,,,,,,,,,,,,,,,,,,,,,,,,,◯,,,,,,,,,,,,,,
マッシュマン,無？,269,,,,,,,,,,,,,,,,,,,,,,,,,,,,,,,,,,,,◯,,,,,,,,,,,,,,
腐敗ゴーレム,無？,352,,,,,,,,,,,,,,,,,,,,,,,,,,,,,,,,,,,,,◯,,,,,,,,,,,,,
猛毒ガエル,無？,282,,,,,毒攻撃,,,,,,,,,,,,,,,,,,,,,,,,,,,,,,,,◯,,,,,,,,,,,,,
コブラ,,308,火,,,,毒攻撃,,,,,,,,,,,,,,,,,,,,,,,,,,,,,,,,◯,,,,,,,,,,,,,
血吸いビル,無？,246,,,,,毒攻撃,,,,,,,,,,,,,,,,,,,,,,,,,,,,,,,,◯,,,,,,,,,,,,,
ヒュドラ,,422,光,,,,,,,,,,,,,,,,,,,,,,,,,,,,,,,,,,,,◯,,,,,,,,,,,,,
水晶蝶,,258,,星,◯,月光花・虹色貝・水晶・精霊の雫,,,,,,,,,,,,,,,,,,,,,,,,,,,,,,,,,,◯,,,,,,,,,,,,
泉の精霊,,322,,,◯,,,,,,,,,,,,,,,,,,,,,,,,,,,,,,,,,,,◯,,,,,,,,,,,,
虹色ガエル,,276,,,✕,,,,,,,,,,,,,,,,,,,,,,,,,,,,,,,,,,,◯,,,,,,,,,,,,
守護のトレント,,386,,,,,,,,,,,,,,,,,,,,,,,,,,,,,,,,,,,,,,◯,,,,,,,,,,,,
リリラウネ,,580,火・音,,◯,,,,,,,,,,,,,,,,,,,,,,,,,,,,,,,,,,,,◯,,,,,,,,,,,
蠢く粘液,,650,,,,,,,,,,,,,,,,,,,,,,,,,,,,,,,,,,,,,,,◯,,,,,,,,,,,
アビスフライ,,500,火・音,,◯,,,,,,,,,,,,,,,,,,,,,,,,,,,,,,,,,,,,◯,,,,,,,,,,,
静かなる巨像,,800,,水,,,,,,,,,,,,,,,,,,,,,,,,,,,,,,,,,,,,,◯,,,,,,,,,,,
太古のトレント,,700,,,,,,,,,,,,,,,,,,,,,,,,,,,,,,,,,,,,,,,◯,,,,,,,,,,,
纏わりつく蔦,,600,火,,,,,,,,,,,,,,,,,,,,,,,,,,,,,,,,,,,,,,◯,,,,,,,,,,,
堕ちた精霊,,650,音,,,,,,,,,,,,,,,,,,,,,,,,,,,,,,,,,,,,,,◯,,,,,,,,,,,
太古の狼,,700,音,,✕,,,,,,,,,,,,,,,,,,,,,,,,,,,,,,,,,,,,◯,,,,,,,,,,,
深淵の樹海王,,3000,火,,,,地下迷宮BOSS,,,,,,,,,,,,,,,,,,,,,,,,,,,,,,,,,,◯,,,,,,,,,,,
ミルフィア,木,4320,,,◯,,,,,,,,,,,,,,,,,,,,,,,,,,,,,,,,,,,,,◯,,,,,,,,,,
グロムヴァルド,木,11016,火,,,,スタン2T,,,,,,,,,,,,,,,,,,,,,,,,,,,,,,,,,,,◯,,,,,,,,,,
ルナリエ,光,4560,,,◯,,,,,,,,,,,,,,,,,,,,,,,,,,,,,,,,,,,,,◯,,,,,,,,,,
ヴェスパリア,風,5355,木,,,,毒+3,,,,,,,,,,,,,,,,,,,,,,,,,,,,,,,,,,,◯,,,,,,,,,,
ゼルヴァイン,木,5100,,,,,毒+6,,,,,,,,,,,,,,,,,,,,,,,,,,,,,,,,,,,◯,,,,,,,,,,
アルヴェリオン,水,9384,木,,◯,,AGI↓3T,,,,,,,,,,,,,,,,,,,,,,,,,,,,,,,,,,,◯,,,,,,,,,,
トルヴァーク,木,7245,,,✕,,,,,,,,,,,,,,,,,,,,,,,,,,,,,,,,,,,,,◯,,,,,,,,,,
ブロムガルド,土,7392,木,,✕,,毒+4,,,,,,,,,,,,,,,,,,,,,,,,,,,,,,,,,,,◯,,,,,,,,,,
,,,,,,,,,,,,,,,,,,,,,,,,,,,,,,,,,,,,,,,,,,,,,,,,,,,,
虚の霧,,336,火・音,,,,,,,,,,,,,,,,,,,,,,,,,,,,,,,,,,,,,,,,◯,,,,,,,,,
ルーンの霊,,365,,音,,,,,,,,,,,,,,,,,,,,,,,,,,,,,,,,,,,,,,,◯,,,,,,,,,
深化の亡霊,,432,,,,,,,,,,,,,,,,,,,,,,,,,,,,,,,,,,,,,,,,,◯,,,,,,,,,
グリモワルム,,,,,,,,,,,,,,,,,,,,,,,,,,,,,,,,,,,,,,,,,,,◯,,,,,,,,,
封印されし守護者,,480,,,,,,,,,,,,,,,,,,,,,,,,,,,,,,,,,,,,,,,,,◯,,,,,,,,,
天つ古代賢者,,588,,,,星光石・古代のルーン,,,,,,,,,,,,,,,,,,,,,,,,,,,,,,,,,,,,,,◯,,,,,,,,
月光の亡霊,,412,,,,亡霊の布・古代のルーン・魔力の欠片,,,,,,,,,,,,,,,,,,,,,,,,,,,,,,,,,,,,,,◯,,,,,,,,
月光の騎士,光,470,火・光・木,水・闇・星,,,,,,,,,,,,,,,,,,,,,,,,,,,,,,,,,,,,,,,,◯,,,,,,,,
月光の使者,,539,,水,,,,,,,,,,,,,,,,,,,,,,,,,,,,,,,,,,,,,,,,◯,,,,,,,,
時の幻影,,372,,,,,,,,,,,,,,,,,,,,,,,,,,,,,,,,,,,,,,,,,,◯,,,,,,,,
洪水の精霊,,650,木,,,,,,,,,,,,,,,,,,,,,,,,,,,,,,,,,,,,,,,,,,◯,,,,,,,
マンマーン,,700,木,,,,,,,,,,,,,,,,,,,,,,,,,,,,,,,,,,,,,,,,,,◯,,,,,,,
水路の大蛇,,600,木,,,,,,,,,,,,,,,,,,,,,,,,,,,,,,,,,,,,,,,,,,◯,,,,,,,
深淵海竜,,900,木,,,,,,,,,,,,,,,,,,,,,,,,,,,,,,,,,,,,,,,,,,◯,,,,,,,
ミイラカンス,,450,木,,,,,,,,,,,,,,,,,,,,,,,,,,,,,,,,,,,,,,,,,,◯,,,,,,,
遺跡ガニ,,500,,,,,,,,,,,,,,,,,,,,,,,,,,,,,,,,,,,,,,,,,,,◯,,,,,,,
水路の精霊,,550,木,,,,,,,,,,,,,,,,,,,,,,,,,,,,,,,,,,,,,,,,,,◯,,,,,,,
洪水竜,,2500,,,,,地下水路BOSS,,,,,,,,,,,,,,,,,,,,,,,,,,,,,,,,,,,,,,◯,,,,,,,
廃都の兵士,,550,,,,,,,,,,,,,,,,,,,,,,,,,,,,,,,,,,,,,,,,,,,,◯,,,,,,
沈黙の亡霊,,500,,,,,,,,,,,,,,,,,,,,,,,,,,,,,,,,,,,,,,,,,,,,◯,,,,,,
古代自動人形,,600,,,,,,,,,,,,,,,,,,,,,,,,,,,,,,,,,,,,,,,,,,,,◯,,,,,,
虚空の単眼,,450,,,,,,,,,,,,,,,,,,,,,,,,,,,,,,,,,,,,,,,,,,,,◯,,,,,,
カオスゴーレム,,700,,,,,,,,,,,,,,,,,,,,,,,,,,,,,,,,,,,,,,,,,,,,,◯,,,,,
封印の亡霊,,550,,,,,,,,,,,,,,,,,,,,,,,,,,,,,,,,,,,,,,,,,,,,,◯,,,,,
闇の騎士,,650,,,,,,,,,,,,,,,,,,,,,,,,,,,,,,,,,,,,,,,,,,,,,,,,,,
王宮の守護者,,600,,,,,,,,,,,,,,,,,,,,,,,,,,,,,,,,,,,,,,,,,,,,,,,,,,
嗤う女,,700,火,,,,,,,,,,,,,,,,,,,,,,,,,,,,,,,,,,,,,,,,,,,,,◯,,,,
光の巨像,,900,,,,,,,,,,,,,,,,,,,,,,,,,,,,,,,,,,,,,,,,,,,,,,◯,,,,
シャドウプリンス,,800,火,,,,,,,,,,,,,,,,,,,,,,,,,,,,,,,,,,,,,,,,,,,,,◯,,,,
封印の魔術師,,650,,星,,,,,,,,,,,,,,,,,,,,,,,,,,,,,,,,,,,,,,,,,,,,◯,,,,
王宮親衛隊の残像,,750,,星,,,,,,,,,,,,,,,,,,,,,,,,,,,,,,,,,,,,,,,,,,,,◯,,,,
シールズキング,,3500,,星,,,BOSS,,,,,,,,,,,,,,,,,,,,,,,,,,,,,,,,,,,,,,,,,◯,,,,
古代ゴーレム,,1100,氷・氷,,,,,,,,,,,,,,,,,,,,,,,,,,,,,,,,,,,,,,,,,,,,,,◯,,,
混沌術師,,700,火,,,,,,,,,,,,,,,,,,,,,,,,,,,,,,,,,,,,,,,,,,,,,,◯,,,
心遷しの鏡,闇？,800,火,,,,,,,,,,,,,,,,,,,,,,,,,,,,,,,,,,,,,,,,,,,,,,◯,,,
崩壊騎士,,950,火,,,,,,,,,,,,,,,,,,,,,,,,,,,,,,,,,,,,,,,,,,,,,,◯,,,
時の亡霊,,750,火,,,,,,,,,,,,,,,,,,,,,,,,,,,,,,,,,,,,,,,,,,,,,,◯,,,
瘴気獣,,850,火,,,,,,,,,,,,,,,,,,,,,,,,,,,,,,,,,,,,,,,,,,,,,,◯,,,
始原の番兵,,1300,,,,,,,,,,,,,,,,,,,,,,,,,,,,,,,,,,,,,,,,,,,,,,,◯,,,
封印竜,,1500,火,,,,,,,,,,,,,,,,,,,,,,,,,,,,,,,,,,,,,,,,,,,,,,◯,,,
封域の影鼠,無,300,,,,,封域1F,,,,,,,,,,,,,,,,,,,,,,,,,,,,,,,,,,,,,,,,,,,◯,,
封域の屍兵,闇,367,,,,,封域2F,,,,,,,,,,,,,,,,,,,,,,,,,,,,,,,,,,,,,,,,,,,◯,,
封域の石蟹,無,433,,,,,封域3F,,,,,,,,,,,,,,,,,,,,,,,,,,,,,,,,,,,,,,,,,,,◯,,
封域の闇犬,火,500,,,,,封域4F,,,,,,,,,,,,,,,,,,,,,,,,,,,,,,,,,,,,,,,,,,,◯,,
封域の骸騎士,無,567,,,,,封域5F,,,,,,,,,,,,,,,,,,,,,,,,,,,,,,,,,,,,,,,,,,,◯,,
封域の鉄屍,水,633,,,,,封域6F,,,,,,,,,,,,,,,,,,,,,,,,,,,,,,,,,,,,,,,,,,,◯,,
封域の溶岩蝙蝠,無,700,,,,,封域7F,,,,,,,,,,,,,,,,,,,,,,,,,,,,,,,,,,,,,,,,,,,◯,,
封域の呪蜘蛛,木,700,,,,,封域8F,,,,,,,,,,,,,,,,,,,,,,,,,,,,,,,,,,,,,,,,,,,◯,,
封域のルーン戦士,無,833,,,,,封域9F,,,,,,,,,,,,,,,,,,,,,,,,,,,,,,,,,,,,,,,,,,,◯,,
封域の虚犬,土,900,,,,,封域10F,,,,,,,,,,,,,,,,,,,,,,,,,,,,,,,,,,,,,,,,,,,◯,,
封域の鉄巨像,無,967,,,,,封域11F,,,,,,,,,,,,,,,,,,,,,,,,,,,,,,,,,,,,,,,,,,,◯,,
封域の呪騎士,風,1033,,,,,封域12F,,,,,,,,,,,,,,,,,,,,,,,,,,,,,,,,,,,,,,,,,,,◯,,
封域の魂喰い,無,1100,,,,,封域13F,,,,,,,,,,,,,,,,,,,,,,,,,,,,,,,,,,,,,,,,,,,◯,,
封域の死狼,氷,1167,,,,,封域14F,,,,,,,,,,,,,,,,,,,,,,,,,,,,,,,,,,,,,,,,,,,◯,,
封域の水晶巨像,無,1233,,,,,封域15F,,,,,,,,,,,,,,,,,,,,,,,,,,,,,,,,,,,,,,,,,,,◯,,
封域の恐騎士,光,1300,,,,,封域16F,,,,,,,,,,,,,,,,,,,,,,,,,,,,,,,,,,,,,,,,,,,◯,,
封域の虚無術師,無,1367,,,,,封域17F,,,,,,,,,,,,,,,,,,,,,,,,,,,,,,,,,,,,,,,,,,,◯,,
封域の混沌巨像,音,1433,,,,,封域18F,,,,,,,,,,,,,,,,,,,,,,,,,,,,,,,,,,,,,,,,,,,◯,,
封域の影王,無,1500,,,,,封域19F,,,,,,,,,,,,,,,,,,,,,,,,,,,,,,,,,,,,,,,,,,,◯,,
封域の骨竜,星,1567,,,,,封域20F,,,,,,,,,,,,,,,,,,,,,,,,,,,,,,,,,,,,,,,,,,,◯,,
封域の堕聖騎,無,1633,,,,,封域21F,,,,,,,,,,,,,,,,,,,,,,,,,,,,,,,,,,,,,,,,,,,◯,,
封域のルーン巨神,無,1700,,,,,封域22F,,,,,,,,,,,,,,,,,,,,,,,,,,,,,,,,,,,,,,,,,,,◯,,
封域の混沌魔女,闇,1767,,,,,封域23F,,,,,,,,,,,,,,,,,,,,,,,,,,,,,,,,,,,,,,,,,,,◯,,
封域の疫霊,無,1833,,,,,封域24F,,,,,,,,,,,,,,,,,,,,,,,,,,,,,,,,,,,,,,,,,,,◯,,
封域の深淵魔,火,1900,,,,,封域25F,,,,,,,,,,,,,,,,,,,,,,,,,,,,,,,,,,,,,,,,,,,◯,,
封域の頂狼,無,1967,,,,,封域26F,,,,,,,,,,,,,,,,,,,,,,,,,,,,,,,,,,,,,,,,,,,◯,,
封域の頂蜘蛛,水,2033,,,,,封域27F,,,,,,,,,,,,,,,,,,,,,,,,,,,,,,,,,,,,,,,,,,,◯,,
封域の頂影,無,2100,,,,,封域28F,,,,,,,,,,,,,,,,,,,,,,,,,,,,,,,,,,,,,,,,,,,◯,,
封域の頂巨像,木,2167,,,,,封域29F,,,,,,,,,,,,,,,,,,,,,,,,,,,,,,,,,,,,,,,,,,,◯,,
封域の守護騎士,無,2233,,,,,封域30F,,,,,,,,,,,,,,,,,,,,,,,,,,,,,,,,,,,,,,,,,,,◯,,
封域の炎蛇,土,2300,,,,,封域31F,,,,,,,,,,,,,,,,,,,,,,,,,,,,,,,,,,,,,,,,,,,◯,,
封域の氷巨像,無,2367,,,,,封域32F,,,,,,,,,,,,,,,,,,,,,,,,,,,,,,,,,,,,,,,,,,,◯,,
封域の雷鳥,風,2433,,,,,封域33F,,,,,,,,,,,,,,,,,,,,,,,,,,,,,,,,,,,,,,,,,,,◯,,
封域の闇竜,無,2500,,,,,封域34F,,,,,,,,,,,,,,,,,,,,,,,,,,,,,,,,,,,,,,,,,,,◯,,
封域の光巨像,氷,2567,,,,,封域35F,,,,,,,,,,,,,,,,,,,,,,,,,,,,,,,,,,,,,,,,,,,◯,,
封域の星術師,無,2633,,,,,封域36F,,,,,,,,,,,,,,,,,,,,,,,,,,,,,,,,,,,,,,,,,,,◯,,
封域の時蛇,光,2700,,,,,封域37F,,,,,,,,,,,,,,,,,,,,,,,,,,,,,,,,,,,,,,,,,,,◯,,
封域の封印獣,無,2767,,,,,封域38F,,,,,,,,,,,,,,,,,,,,,,,,,,,,,,,,,,,,,,,,,,,◯,,
封域の古代騎士,音,2833,,,,,封域39F,,,,,,,,,,,,,,,,,,,,,,,,,,,,,,,,,,,,,,,,,,,◯,,
封域の月光狼,無,2900,,,,,封域40F,,,,,,,,,,,,,,,,,,,,,,,,,,,,,,,,,,,,,,,,,,,◯,,
封域の星竜,星,2967,,,,,封域41F,,,,,,,,,,,,,,,,,,,,,,,,,,,,,,,,,,,,,,,,,,,◯,,
封域の崩壊術師,無,3033,,,,,封域42F,,,,,,,,,,,,,,,,,,,,,,,,,,,,,,,,,,,,,,,,,,,◯,,
封域の瘴気王,無,3100,,,,,封域43F,,,,,,,,,,,,,,,,,,,,,,,,,,,,,,,,,,,,,,,,,,,◯,,
封域の古代巨像,闇,3167,,,,,封域44F,,,,,,,,,,,,,,,,,,,,,,,,,,,,,,,,,,,,,,,,,,,◯,,
封域の虚無竜,無,3233,,,,,封域45F,,,,,,,,,,,,,,,,,,,,,,,,,,,,,,,,,,,,,,,,,,,◯,,
封域の封印王,火,3300,,,,,封域46F,,,,,,,,,,,,,,,,,,,,,,,,,,,,,,,,,,,,,,,,,,,◯,,
封域の時の番人,無,3367,,,,,封域47F,,,,,,,,,,,,,,,,,,,,,,,,,,,,,,,,,,,,,,,,,,,◯,,
封域の崩壊竜,水,3433,,,,,封域48F,,,,,,,,,,,,,,,,,,,,,,,,,,,,,,,,,,,,,,,,,,,◯,,
封域の深淵騎士,無,3500,,,,,封域49F,,,,,,,,,,,,,,,,,,,,,,,,,,,,,,,,,,,,,,,,,,,◯,,
封域の覇者,闇,8500,,,,,封域BOSS,,,,,,,,,,,,,,,,,,,,,,,,,,,,,,,,,,,,,,,,,,,◯,,
タキトリス,闇,7268,,,,,,,,,,,,,,,,,,,,,,,,,,,,,,,,,,,,,,,,,,,,,,,,,,
カタフォルク,闇,9975,,,,,,,,,,,,,,,,,,,,,,,,,,,,,,,,,,,,,,,,,,,,,,,,,,
エコルナ,音,7220,,,◯,,,,,,,,,,,,,,,,,,,,,,,,,,,,,,,,,,,,,,,,,,,,,,,
ソノクラスト,音,10260,,,,,スタン,,,,,,,,,,,,,,,,,,,,,,,,,,,,,,,,,,,,,,,,,,,,,
オレオラム,光,10450,,,△,,,,,,,,,,,,,,,,,,,,,,,,,,,,,,,,,,,,,,,,,,,,,,,
モノクリス,土,11172,,,,,,,,,,,,,,,,,,,,,,,,,,,,,,,,,,,,,,,,,,,,,,,,,,
アウラシス,星,14858,,,,,AGI&DEX↓,,,,,,,,,,,,,,,,,,,,,,,,,,,,,,,,,,,,,,,,,,,,,
グランセラス,闇,17442,,,,,DEF↓・スタン,,,,,,,,,,,,,,,,,,,,,,,,,,,,,,,,,,,,,,,,,,,,,
ムテラディオス,闇,19000,,,△,,毒+5,,,,,,,,,,,,,,,,,,,,,,,,,,,,,,,,,,,,,,,,,,,,,
黄金の番人,,305,,星,,,ゴールドラッシュ,,,,,,,,,,,,,,,,,,,,,,,,,,,,,,,,,,,,,,,,,,,,,
炉心巨像ガルガン,火,4692,,,,巨神合金・火の結晶・褐炭,ガルド,,,,,,,,,,,,,,,,,,,,,,,,,,,,,,,,,,,,,,,,,,,,◯,
鉱神機テラ・マキナ,土,6460,水,風,,巨神合金・蒼銀の粉・ルーン鉱石・土の結晶,ガルド,,,,,,,,,,,,,,,,,,,,,,,,,,,,,,,,,,,,,,,,,,,,◯,
晶洞竜クリスタロス,星,5508,,,,巨神合金・ノームの宝石・竜骨石,ガルド,,,,,,,,,,,,,,,,,,,,,,,,,,,,,,,,,,,,,,,,,,,,◯,
蒼銀喰らい,土,4012,,,,巨神合金・蒼銀の粉・水晶,,,,,,,,,,,,,,,,,,,,,,,,,,,,,,,,,,,,,,,,,,,,,◯,
翠嵐の角王,,2200,,水,,翠環核・硬木・風の結晶,リーフィア,,,,,,,,,,,,,,,,,,,,,,,,,,,,,,,,,,,,,,,,,,,,◯,
古樹を喰らうもの,,2596,,,,翠環核・硬木・樹脂・トレントの樹皮,リーフィア,,,,,,,,,,,,,,,,,,,,,,,,,,,,,,,,,,,,,,,,,,,,◯,
城喰らいの黒獣,,4100,,,,,グレイウォール,,,,,,,,,,,,,,,,,,,,,,,,,,,,,,,,,,,,,,,,,,,,◯,
瘴王ベルゼヴェール,,5658,,,,,グレイウォール,,,,,,,,,,,,,,,,,,,,,,,,,,,,,,,,,,,,,,,,,,,,◯,
深海歌姫アビサリア,,4698,水,,,,マリス,,,,,,,,,,,,,,,,,,,,,,,,,,,,,,,,,,,,,,,,,,,,◯,
千枝の守護巨像,,3564,水,,,,リーフィア,,,,,,,,,,,,,,,,,,,,,,,,,,,,,,,,,,,,,,,,,,,,◯,
樹海王牙フェンリル,,6000,,水,,,エルデ,,,,,,,,,,,,,,,,,,,,,,,,,,,,,,,,,,,,,,,,,,,,◯,
千骸将モルドレッド,闇？,6642,,,,,グレイウォール／＋スタン攻撃,,,,,,,,,,,,,,,,,,,,,,,,,,,,,,,,,,,,,,,,,,,,◯,
穿坑王ドリルタイラント,土？,3400,,,,,ガルド,,,,,,,,,,,,,,,,,,,,,,,,,,,,,,,,,,,,,,,,,,,,◯,
腐根王マンドレイク,,4050,,水,◯,,ハーブレン,,,,,,,,,,,,,,,,,,,,,,,,,,,,,,,,,,,,,,,,,,,,◯,
赤鉄戦王グレン,,6900,水,,,,ガルド,,,,,,,,,,,,,,,,,,,,,,,,,,,,,,,,,,,,,,,,,,,,◯,
始祖樹ヴェルディア,,4180,,水,,,リーフィア／＋毒,,,,,,,,,,,,,,,,,,,,,,,,,,,,,,,,,,,,,,,,,,,,◯,
薬禍のバジリスク,,2950,,,,,ハーブレン,,,,,,,,,,,,,,,,,,,,,,,,,,,,,,,,,,,,,,,,,,,,,
毒花后ベラドンナ,,2500,,,,,,,,,,,,,,,,,,,,,,,,,,,,,,,,,,,,,,,,,,,,,,,,,,
霊薬竜パナケイア,光？,4750,,,,,,,,,,,,,,,,,,,,,,,,,,,,,,,,,,,,,,,,,,,,,,,,,,
海溝皇クラーケン,,5510,,,,,マリス,,,,,,,,,,,,,,,,,,,,,,,,,,,,,,,,,,,,,,,,,,,,,
断壁騎ヴァルグ,,4838,,,,,グレイウォール,,,,,,,,,,,,,,,,,,,,,,,,,,,,,,,,,,,,,,,,,,,,,
灰燼祖竜シンダー,,9880,,,,,灰の宿場,,,,,,,,,,,,,,,,,,,,,,,,,,,,,,,,,,,,,,,,,,,,,
花冠の獣皇,,3036,,,,,リーフィア,,,,,,,,,,,,,,,,,,,,,,,,,,,,,,,,,,,,,,,,,,,,,
霧海の幽帆王,,3422,,,,,マリス,,,,,,,,,,,,,,,,,,,,,,,,,,,,,,,,,,,,,,,,,,,,,
蒼潮牙リヴァイア,,4002,,,,,マリス,,,,,,,,,,,,,,,,,,,,,,,,,,,,,,,,,,,,,,,,,,,,,
砕波の巨蟹,,2900,,,,,マリス,,,,,,,,,,,,,,,,,,,,,,,,,,,,,,,,,,,,,,,,,,,,,
封印皇女レクイエム,,13110,,,,,沈黙の都,,,,,,,,,,,,,,,,,,,,,,,,,,,,,,,,,,,,,,,,,,,,,
,,,,,,,,,,,,,,,,,,,,,,,,,,,,,,,,,,,,,,,,,,,,,,,,,,,,
,,,,,,,,,,,,,,,,,,,,,,,,,,,,,,,,,,,,,,,,,,,,,,,,,,,,
▼ 追加用はこちらに,,,,,,,,,,,,,,,,,,,,,,,,,,,,,,,,,,,,,,,,,,,,,,,,,,,,