🌳 エルデの樹海,,,,,,,,
,,,,,,,,
樹海の小径,,(AP:17),,,,,,
採　取,古木,コケ,樹海キノコ,枝,蔓鉄木,精霊花,南蛮樹脂,ダンジョンマップの欠片
マッシュマン,樹海キノコ,コケ,毒液,テングタケ,スライムゼリー,,,
エルデ・トレント,南蛮樹脂,蔓鉄木,トレントの樹液,トレントの樹皮,,,,
エルデ・フェアリー,精霊花,花の蜜,霊草,風の結晶,魔力の欠片,,,
樹海のドリアード,精霊の雫,魔力の欠片,精霊花,古木,,,,
樹海の蔓蛇,つる,蛇皮,毒液,蔓鉄木,,,,
エルデ・ウルフ,小さなお肉,とがった牙,毛皮,狼の爪,ダイアウルフの牙,,,
,,,,,,,,
,,,,,,,,
,,,,,,,,
,,,,,,,,
,,,,,,,,
,,,,,,,,
アテケロ沼,,(AP:18),,,,,,
採　取,沼の粘液,腐食土,瘴気の根,毒蛙の皮,猛毒草,毒消し草,,
腐敗ゴーレム,腐食土,沼の粘液,瘴気の根,ゴーレムの破片,ゴーレムの核,,,
猛毒ガエル,猛毒草,沼の粘液,ガエルの油,毒蛙の皮,毒液,,,
コブラ,瘴気の根,蛇皮,毒嚢,瘴気の粉,猛毒草,,,
血吸いビル,腐食土,沼の粘液,毒液,スライムコア,瘴気の根,,,
ヒュドラ,猛毒草,瘴気の粉,毒嚢,毒蛙の皮,瘴気の根,,,
,,,,,,,,
,,,,,,,,
,,,,,,,,
,,,,,,,,
,,,,,,,,
,,,,,,,,
,,,,,,,,
精霊の泉,,(AP:19),,,,,,
採　取,清水苔,,,,,,,
水晶蝶,月光花,虹色貝,水晶,精霊の雫,,,,
泉の精霊,魔力の欠片,精霊の雫,癒しの蜜,清水苔,,,,
虹色ガエル,虹色貝,ガエルの油,,,,,,
守護のトレント,硬木,,,,,,,
,,,,,,,,
,,,,,,,,
,,,,,,,,
,,,,,,,,
,,,,,,,,
,,,,,,,,
,,,,,,,,
,,,,,,,,
タタン地下迷宮,,(AP:24),,,,,,
採　取,情報なし,,,,,,,
蠢く粘液,テングタケ,樹海キノコ,スライムゼリー,,,,,
太古のトレント,古木,蔓鉄木,トレントの樹皮,,,,,
アビスフライ,闇の根,樹海キノコ,リン,鉱蛾の鱗粉,闇の結晶,,,
リリラウネ,魔力の欠片,闇の結晶,闇の根,古木,精霊花,,,
静かなる巨像,蔓鉄木,南蛮樹脂,古木,闇の根,ゴーレムの核,,,
纏わりつく蔦,闇の結晶,,,,,,,
深淵の樹海王,情報なし,,,,,,,
太古の狼,とがった牙,闇の結晶,闇の根,,,,,
,,,,,,,,
,,,,,,,,
,,,,,,,,
,,,,,,,,
巨樹の根洞,,(AP:17/ダンジョンマップのかけら4枚で解放／ボス撃破で称号),,,,,,
採　取,情報なし,,,,,,,
ミルフィア,シルヴ樹髄,風の結晶,アルラウネの花弁,花の蜜,精霊の花弁,,,
グロムヴァルド,ノアーク核,トレントの樹液,古木,世界樹の樹皮,,,,
ルナリエ,シルヴ樹髄,光の結晶,精霊の雫,月光石,月光花,,,
ヴェスパリア,シルヴ樹髄,南蛮樹脂,はちみつ,花の蜜,クモの糸,香草,,
ゼルヴァイン,シルヴ樹髄,毒嚢,蔓鉄木,蛇皮,アルラウネの根,,,
アルヴェリオン,シルヴ樹髄,ノアーク核,氷河の結晶,精霊の雫,氷の結晶,水の玉,,
トルヴァーク,シルヴ樹髄,毛皮,古木,野犬の牙,ダイアウルフの上毛皮,,,
ブロムガルド,シルヴ樹髄,なめこ,テングダケ,粘土,スライムゼリー,,,