⚔️ ランダムダンジョンボス,,,,,,,
,,,,,,,
各種ランダムダンジョン,,(AP:100),,,,,
炉心巨像ガルガン,巨神合金,火の結晶,褐炭,,,,
鉱神機テラ・マキナ,巨神合金,土の結晶,蒼銀の粉,ルーン鉱石,鉄ゴーレムの装甲,古代合金片,
晶洞竜クリスタロス,巨神合金,ノームの宝石,竜骨石,,,,
蒼銀喰らい,巨神合金,蒼銀の粉,水晶,蒼銀インゴット,,,
翠嵐の角王,翠環核,硬木,風の結晶,オーガの角,毛皮,樹脂,花の蜜
古樹を喰らうもの,翠環核,硬木,樹脂,トレントの樹皮,闇の結晶,影獣の爪,
城喰らいの黒獣,黒壁片,影獣の皮,闇の結晶,瘴気の粉,闇のエッセンス,ダイアウルフの牙,
瘴王ベルゼヴェール,黒壁片,瘴気の核,闇のエッセンス,闇の結晶,ミアズマドロップ,瘴気の粉,毒液
深海歌姫アビサリア,海淵鱗,精霊の雫,海精の鱗,共鳴の欠片,,,
千枝の守護巨像,翠環核,ゴーレムの核,錫石,,,,
樹海王牙フェンリル,世界樹心材,蔓鉄木,ダイアウルフの牙,精霊花,毛皮,世界樹の樹皮,
千骸将モルドレッド,黒壁片,闇の結晶,魂の欠片,骸骨の骨,,,
穿坑王ドリルタイラント,巨神合金,土の結晶,蒼銀の粉,蒼銀インゴット,,,
腐根王マンドレイク,薬王晶,南蛮樹脂,霊草,瘴気の粉,土の結晶,トレントの樹液,
赤鉄戦王グレン,熔竜鋼,火の結晶,炎のエッセンス,アダマンタイト鉱,,,
始祖樹ヴェルディア,翠環核,樹脂,トレントの樹液,,,,
薬禍のバジリスク,薬王晶,バジリスクの卵,南蛮樹脂,蛇皮,,,
毒花后ベラドンナ,薬王晶,南蛮樹脂,毒液,霊草,瘴気の粉,アルラウネの花弁,
霊薬竜パナケイア,薬王晶,聖水,竜骨石,精霊の雫,南蛮樹脂,,
海溝皇クラーケン,海淵鱗,塩,蒼い水晶,アオリイカ,虹色貝,水の玉,
断壁騎ヴァルグ,黒壁片,闇の結晶,呪われた布,古代骨,デスナイトの装甲片,,
灰燼祖竜シンダー,灰燼遺核,黒鉄鉱,黒曜石片,,,,
花冠の獣皇,翠環核,枝,,,,,
霧海の幽帆王,海淵鱗,潮石,亡霊の布,海精の鱗,,,
蒼潮牙リヴァイア,海淵鱗,潮石,精霊の雫,,,,
砕波の巨蟹,海淵鱗,カニ,カニの鋏,,,,
封印皇女レクイエム,情報なし,,,,,,